{"epsilon1": 0.03899999999999951, "LR1": 0.1, "discount1": 0.9, "state_next1": [false, false, false, false, false, false, true, false, false, false, false], "reward_next1": -0.01, "action1": 0, "epsilon2": 0.010999999999999482, "LR2": 0.1, "discount2": 0.9, "state_next2": [false, false, false, true, false, false, false, false, false, false, false, false, false, false, false], "reward_next2": -0.01, "action2": 2, "max_games": 1000, "scores1": [0, 0, 0, 0, 0, 0, 0, 1, 1, 0, 0, 0, 0, 1, 0, 0, 0, 0, 1, 1, 0, 0, 2, 1, 2, 2, 0, 0, 0, 3, 0, 0, 1, 3, 2, 3, 2, 3, 1, 3, 3, 2, 0, 2, 1, 0, 3, 5, 5, 4, 4, 0, 3, 1, 3, 7, 1, 1, 1, 1, 2, 3, 1, 0, 3, 0, 2, 3, 0, 1, 0, 1, 2, 2, 0, 3, 4, 1, 2, 2, 1, 4, 1, 1, 2, 1, 0, 2, 5, 3, 3, 0, 0, 1, 3, 4, 2, 0, 0, 0, 0, 1, 2, 4, 7, 5, 1, 0, 6, 2, 2, 1, 1, 6, 2, 3, 2, 1, 7, 3, 5, 2, 5, 4, 0, 0, 4, 0, 1, 6, 3, 2, 2, 1, 5, 5, 1, 1, 4, 1, 3, 1, 6, 2, 3, 1, 2, 2, 1, 3, 5, 7, 3, 2, 2, 2, 2, 3, 4, 2, 5, 3, 1, 1, 3, 2, 2, 1, 2, 2, 0, 1, 1, 0, 1, 1, 1, 0, 2, 6, 0, 2, 0, 1, 1, 1, 2, 6, 1, 2, 1, 1, 3, 4, 0, 1, 1, 1, 4, 1, 2, 0, 1, 0, 0, 0, 4, 2, 0, 0, 1, 0, 1, 0, 1, 1, 1, 0, 5, 0, 1, 0, 4, 1, 2, 2, 1, 2, 1, 1, 2, 1, 3, 3, 1, 2, 3, 1, 2, 0, 0, 4, 2, 5, 1, 1, 2, 0, 0, 3, 1, 0, 2, 4, 2, 2, 1, 0, 1, 4, 1, 3, 3, 2, 4, 0, 1, 6, 1, 1, 3, 2, 8, 3, 4, 1, 4, 2, 1, 0, 0, 1, 2, 5, 3, 0, 1, 3, 2, 2, 2, 0, 2, 1, 0, 2, 1, 1, 2, 1, 0, 1, 2, 1, 2, 0, 0, 2, 2, 1, 0, 1, 3, 1, 3, 1, 3, 4, 1, 0, 1, 1, 3, 0, 1, 1, 3, 0, 3, 1, 0, 1, 1, 0, 1, 3, 2, 1, 0, 1, 2, 4, 2, 1, 2, 2, 1, 2, 1, 3, 3, 3, 2, 3, 2, 0, 0, 2, 2, 0, 2, 3, 0, 2, 6, 4, 3, 3, 3, 1, 1, 0, 3, 1, 3, 5, 2, 2, 0, 1, 2, 2, 1, 1, 3, 3, 2, 3, 1, 1, 3, 3, 0, 3, 4, 2, 4, 2, 1, 2, 2, 2, 4, 1, 4, 2, 5, 0, 2, 1, 2, 2, 3, 5, 2, 1, 3, 4, 1, 0, 1, 2, 5, 3, 3, 8, 0, 3, 3, 2, 4, 1, 1, 1, 2, 2, 1, 3, 1], "mean_scores1": [0.0, 0.0, 0.0, 0.0, 0.0, 0.0, 0.0, 0.125, 0.2222222222222222, 0.2, 0.18181818181818182, 0.16666666666666666, 0.15384615384615385, 0.21428571428571427, 0.2, 0.1875, 0.17647058823529413, 0.16666666666666666, 0.21052631578947367, 0.25, 0.23809523809523808, 0.22727272727272727, 0.30434782608695654, 0.3333333333333333, 0.4, 0.46153846153846156, 0.4444444444444444, 0.42857142857142855, 0.41379310344827586, 0.5, 0.4838709677419355, 0.46875, 0.48484848484848486, 0.5588235294117647, 0.6, 0.6666666666666666, 0.7027027027027027, 0.7631578947368421, 0.7692307692307693, 0.825, 0.8780487804878049, 0.9047619047619048, 0.8837209302325582, 0.9090909090909091, 0.9111111111111111, 0.8913043478260869, 0.9361702127659575, 1.0208333333333333, 1.1020408163265305, 1.16, 1.2156862745098038, 1.1923076923076923, 1.2264150943396226, 1.2222222222222223, 1.2545454545454546, 1.3571428571428572, 1.3508771929824561, 1.3448275862068966, 1.3389830508474576, 1.3333333333333333, 1.3442622950819672, 1.3709677419354838, 1.3650793650793651, 1.34375, 1.3692307692307693, 1.3484848484848484, 1.3582089552238805, 1.3823529411764706, 1.3623188405797102, 1.3571428571428572, 1.3380281690140845, 1.3333333333333333, 1.3424657534246576, 1.3513513513513513, 1.3333333333333333, 1.355263157894737, 1.3896103896103895, 1.3846153846153846, 1.3924050632911393, 1.4, 1.3950617283950617, 1.4268292682926829, 1.4216867469879517, 1.4166666666666667, 1.423529411764706, 1.4186046511627908, 1.4022988505747127, 1.4090909090909092, 1.449438202247191, 1.4666666666666666, 1.4835164835164836, 1.4673913043478262, 1.4516129032258065, 1.446808510638298, 1.4631578947368422, 1.4895833333333333, 1.4948453608247423, 1.4795918367346939, 1.4646464646464648, 1.45, 1.4356435643564356, 1.4313725490196079, 1.4368932038834952, 1.4615384615384615, 1.5142857142857142, 1.5471698113207548, 1.5420560747663552, 1.5277777777777777, 1.5688073394495412, 1.5727272727272728, 1.5765765765765767, 1.5714285714285714, 1.5663716814159292, 1.605263157894737, 1.608695652173913, 1.6206896551724137, 1.623931623931624, 1.61864406779661, 1.6638655462184875, 1.675, 1.7024793388429753, 1.7049180327868851, 1.7317073170731707, 1.75, 1.736, 1.7222222222222223, 1.7401574803149606, 1.7265625, 1.7209302325581395, 1.7538461538461538, 1.7633587786259541, 1.7651515151515151, 1.7669172932330828, 1.7611940298507462, 1.7851851851851852, 1.8088235294117647, 1.802919708029197, 1.7971014492753623, 1.8129496402877698, 1.8071428571428572, 1.8156028368794326, 1.8098591549295775, 1.8391608391608392, 1.8402777777777777, 1.8482758620689654, 1.8424657534246576, 1.8435374149659864, 1.8445945945945945, 1.8389261744966443, 1.8466666666666667, 1.8675496688741722, 1.9013157894736843, 1.908496732026144, 1.9090909090909092, 1.9096774193548387, 1.9102564102564104, 1.910828025477707, 1.9177215189873418, 1.930817610062893, 1.93125, 1.950310559006211, 1.9567901234567902, 1.950920245398773, 1.9451219512195121, 1.9515151515151514, 1.9518072289156627, 1.9520958083832336, 1.9464285714285714, 1.9467455621301775, 1.9470588235294117, 1.935672514619883, 1.930232558139535, 1.9248554913294798, 1.9137931034482758, 1.9085714285714286, 1.9034090909090908, 1.8983050847457628, 1.8876404494382022, 1.888268156424581, 1.9111111111111112, 1.9005524861878453, 1.901098901098901, 1.8907103825136613, 1.8858695652173914, 1.8810810810810812, 1.8763440860215055, 1.8770053475935828, 1.898936170212766, 1.8941798941798942, 1.894736842105263, 1.8900523560209423, 1.8854166666666667, 1.8911917098445596, 1.902061855670103, 1.8923076923076922, 1.8877551020408163, 1.883248730964467, 1.878787878787879, 1.8894472361809045, 1.885, 1.8855721393034826, 1.8762376237623761, 1.8719211822660098, 1.8627450980392157, 1.853658536585366, 1.8446601941747574, 1.855072463768116, 1.8557692307692308, 1.8468899521531101, 1.838095238095238, 1.8341232227488151, 1.8254716981132075, 1.8215962441314555, 1.8130841121495327, 1.8093023255813954, 1.8055555555555556, 1.8018433179723503, 1.7935779816513762, 1.8082191780821917, 1.8, 1.7963800904977376, 1.7882882882882882, 1.798206278026906, 1.7946428571428572, 1.7955555555555556, 1.7964601769911503, 1.7929515418502202, 1.793859649122807, 1.7903930131004366, 1.7869565217391303, 1.7878787878787878, 1.7844827586206897, 1.7896995708154506, 1.794871794871795, 1.7914893617021277, 1.7923728813559323, 1.7974683544303798, 1.7941176470588236, 1.794979079497908, 1.7875, 1.7800829875518671, 1.7892561983471074, 1.7901234567901234, 1.8032786885245902, 1.8, 1.7967479674796747, 1.7975708502024292, 1.7903225806451613, 1.783132530120482, 1.788, 1.7848605577689243, 1.7777777777777777, 1.7786561264822134, 1.7874015748031495, 1.7882352941176471, 1.7890625, 1.7859922178988328, 1.7790697674418605, 1.776061776061776, 1.7846153846153847, 1.7816091954022988, 1.786259541984733, 1.790874524714829, 1.7916666666666667, 1.8, 1.7932330827067668, 1.7902621722846441, 1.8059701492537314, 1.8029739776951672, 1.8, 1.8044280442804428, 1.8051470588235294, 1.8278388278388278, 1.832116788321168, 1.84, 1.8369565217391304, 1.8447653429602888, 1.8453237410071943, 1.842293906810036, 1.8357142857142856, 1.8291814946619218, 1.826241134751773, 1.8268551236749118, 1.8380281690140845, 1.8421052631578947, 1.8356643356643356, 1.8327526132404182, 1.8368055555555556, 1.8373702422145328, 1.8379310344827586, 1.838487972508591, 1.832191780821918, 1.8327645051194539, 1.8299319727891157, 1.823728813559322, 1.8243243243243243, 1.8215488215488216, 1.8187919463087248, 1.8193979933110367, 1.8166666666666667, 1.8106312292358804, 1.8079470198675496, 1.8085808580858085, 1.805921052631579, 1.8065573770491803, 1.8006535947712419, 1.794788273615635, 1.7954545454545454, 1.796116504854369, 1.793548387096774, 1.787781350482315, 1.7852564102564104, 1.7891373801916932, 1.786624203821656, 1.7904761904761906, 1.7879746835443038, 1.7917981072555205, 1.79874213836478, 1.7962382445141065, 1.790625, 1.7881619937694704, 1.7857142857142858, 1.7894736842105263, 1.7839506172839505, 1.7815384615384615, 1.7791411042944785, 1.782874617737003, 1.7774390243902438, 1.7811550151975684, 1.7787878787878788, 1.7734138972809668, 1.7710843373493976, 1.7687687687687688, 1.7634730538922156, 1.7611940298507462, 1.7648809523809523, 1.7655786350148368, 