{"epsilon1": 0.034999999999999566, "LR1": 0.1, "discount1": 0.6, "state_next1": [false, false, false, true, false, false, false, true, false, false, false], "reward_next1": -0.01, "action1": 1, "epsilon2": 0.034999999999999566, "LR2": 0.1, "discount2": 0.3, "state_next2": [false, false, false, true, false, false, false, false, false, false, false], "reward_next2": -0.01, "action2": 1, "max_games": 1000, "scores1": [0, 0, 0, 0, 0, 0, 0, 0, 0, 0, 0, 0, 0, 0, 0, 0, 0, 0, 0, 0, 0, 0, 0, 0, 0, 0, 0, 0, 0, 0, 0, 0, 0, 0, 0, 0, 0, 0, 0, 0, 0, 0, 0, 0, 0, 0, 0, 0, 0, 0, 0, 0, 0, 0, 0, 0, 0, 0, 0, 0, 0, 0, 0, 0, 0, 0, 0, 0, 0, 0, 0, 0, 0, 0, 0, 0, 0, 0, 0, 0, 0, 0, 0, 0, 0, 0, 0, 0, 0, 0, 0, 0, 0, 0, 0, 0, 0, 0, 0, 0, 0, 0, 0, 0, 0, 0, 0, 0, 0, 0, 0, 0, 0, 0, 0, 0, 0, 0, 0, 0, 0, 0, 0, 0, 0, 0, 0, 0, 0, 1, 0, 0, 0, 0, 0, 0, 3, 1, 2, 1, 1, 1, 1, 0, 0, 0, 0, 0, 0, 1, 2, 0, 0, 0, 0, 0, 1, 0, 0, 0, 3, 0, 0, 1, 0, 0, 1, 1, 0, 4, 0, 0, 1, 3, 0, 3, 1, 4, 0, 3, 5, 1, 1, 1, 0, 3, 3, 2, 1, 4, 0, 3, 1, 0, 1, 2, 1, 2, 6, 2, 2, 5, 4, 1, 3, 3, 3, 1, 1, 7, 1, 3, 3, 3, 2, 7, 5, 3, 2, 1, 4, 1, 1, 6, 1, 2, 5, 3, 6, 4, 3, 2, 1, 1, 0, 0, 3, 2, 2, 2, 7, 0, 6, 5, 1, 3, 1, 0, 5, 3, 1, 0, 1, 2, 2, 2, 3, 1], "mean_scores1": [0.0, 0.0, 0.0, 0.0, 0.0, 0.0, 0.0, 0.0, 0.0, 0.0, 0.0, 0.0, 0.0, 0.0, 0.0, 0.0, 0.0, 0.0, 0.0, 0.0, 0.0, 0.0, 0.0, 0.0, 0.0, 0.0, 0.0, 0.0, 0.0, 0.0, 0.0, 0.0, 0.0, 0.0, 0.0, 0.0, 0.0, 0.0, 0.0, 0.0, 0.0, 0.0, 0.0, 0.0, 0.0, 0.0, 0.0, 0.0, 0.0, 0.0, 0.0, 0.0, 0.0, 0.0, 0.0, 0.0, 0.0, 0.0, 0.0, 0.0, 0.0, 0.0, 0.0, 0.0, 0.0, 0.0, 0.0, 0.0, 0.0, 0.0, 0.0, 0.0, 0.0, 0.0, 0.0, 0.0, 0.0, 0.0, 0.0, 0.0, 0.0, 0.0, 0.0, 0.0, 0.0, 0.0, 0.0, 0.0, 0.0, 0.0, 0.0, 0.0, 0.0, 0.0, 0.0, 0.0, 0.0, 0.0, 0.0, 0.0, 0.0, 0.0, 0.0, 0.0, 0.0, 0.0, 0.0, 0.0, 0.0, 0.0, 0.0, 0.0, 0.0, 0.0, 0.0, 0.0, 0.0, 0.0, 0.0, 0.0, 0.0, 0.0, 0.0, 0.0, 0.0, 0.0, 0.0, 0.0, 0.0, 0.007692307692307693, 0.007633587786259542, 0.007575757575757576, 0.007518796992481203, 0.007462686567164179, 0.007407407407407408, 0.007352941176470588, 0.029197080291970802, 0.036231884057971016, 0.050359712230215826, 0.05714285714285714, 0.06382978723404255, 0.07042253521126761, 0.07692307692307693, 0.0763888888888889, 0.07586206896551724, 0.07534246575342465, 0.07482993197278912, 0.07432432432432433, 0.0738255033557047, 0.08, 0.09271523178807947, 0.09210526315789473, 0.0915032679738562, 0.09090909090909091, 0.09032258064516129, 0.08974358974358974, 0.09554140127388536, 0.0949367088607595, 0.09433962264150944, 0.09375, 0.11180124223602485, 0.1111111111111111, 0.11042944785276074, 0.11585365853658537, 0.11515151515151516, 0.1144578313253012, 0.11976047904191617, 0.125, 0.1242603550295858, 0.14705882352941177, 0.14619883040935672, 0.14534883720930233, 0.15028901734104047, 0.16666666666666666, 0.1657142857142857, 0.18181818181818182, 0.1864406779661017, 0.20786516853932585, 0.20670391061452514, 0.2222222222222222, 0.24861878453038674, 0.25274725274725274, 0.2568306010928962, 0.2608695652173913, 0.2594594594594595, 0.27419354838709675, 0.2887700534759358, 0.2978723404255319, 0.30158730158730157, 0.32105263157894737, 0.3193717277486911, 0.3333333333333333, 0.33678756476683935, 0.33505154639175255, 0.3384615384615385, 0.3469387755102041, 0.350253807106599, 0.35858585858585856, 0.3869346733668342, 0.395, 0.40298507462686567, 0.42574257425742573, 0.4433497536945813, 0.44607843137254904, 0.4585365853658537, 0.470873786407767, 0.4830917874396135, 0.4855769230769231, 0.4880382775119617, 0.5190476190476191, 0.5213270142180095, 0.5330188679245284, 0.5446009389671361, 0.5560747663551402, 0.5627906976744186, 0.5925925925925926, 0.6129032258064516, 0.6238532110091743, 0.6301369863013698, 0.6318181818181818, 0.6470588235294118, 0.6486486486486487, 0.6502242152466368, 0.6741071428571429, 0.6755555555555556, 0.6814159292035398, 0.7004405286343612, 0.7105263157894737, 0.7336244541484717, 0.7478260869565218, 0.7575757575757576, 0.7629310344827587, 0.7639484978540773, 0.7649572649572649, 0.7617021276595745, 0.7584745762711864, 0.7679324894514767, 0.773109243697479, 0.7782426778242678, 0.7833333333333333, 0.8091286307053942, 0.8057851239669421, 0.8271604938271605, 0.8442622950819673, 0.8448979591836735, 0.8536585365853658, 0.854251012145749, 0.8508064516129032, 0.8674698795180723, 0.876, 0.8764940239043825, 0.873015873015873, 0.8735177865612648, 0.8779527559055118, 0.8823529411764706, 0.88671875, 0.8949416342412452, 0.8953488372093024], "record1": 7, "score1": 0, "n_games": 259, "total_score1": 231, "scores2": [0, 0, 0, 0, 0, 0, 0, 1, 0, 0, 0, 1, 0, 0, 0, 0, 0, 0, 0, 0, 0, 0, 1, 0, 0, 1, 0, 0, 0, 0, 0, 0, 1, 0, 0, 0, 0, 0, 0, 0, 1, 0, 0, 1, 0, 0, 1, 1, 0, 0, 0, 0, 1, 1, 0, 0, 0, 0, 1, 0, 0, 0, 0, 0, 0, 1, 1, 0, 0, 0, 0, 2, 0, 1, 0, 0, 0, 1, 0, 1, 0, 0, 0, 1, 1, 1, 1, 0, 3, 0, 2, 2, 0, 2, 0, 2, 0, 0, 0, 0, 3, 1, 1, 4, 1, 1, 0, 0, 0, 0, 3, 1, 2, 3, 3, 4, 4, 3, 2, 1, 3, 0, 0, 2, 0, 0, 1, 5, 5, 4, 2, 2, 1, 0, 2, 1, 0, 4, 2, 2, 2, 0, 2, 0, 0, 1, 1, 0, 0, 2, 3, 0, 2, 4, 0, 0, 0, 2, 3, 0, 3, 3, 1, 2, 1, 3, 1, 0, 1, 0, 0, 3, 1, 0, 1, 0, 2, 3, 1, 0, 2, 2, 0, 1, 1, 1, 1, 1, 0, 2, 1, 1, 0, 2, 2, 2, 2, 3, 0, 0, 0, 0, 0, 0, 0, 1, 0, 0, 1, 1, 0, 0, 1, 1, 0, 1, 0, 0, 0, 0, 2, 1, 0, 1, 1, 0, 1, 1, 2, 0, 1, 0, 1, 1, 0, 0, 3, 0, 0, 0, 0, 1, 1, 1, 0, 0, 0, 0, 0, 1, 2, 0, 1, 0, 0, 0, 0, 0],