{"epsilon": 0.006000000000001422, "LR": 0.1, "discount": 0.6, "state_next": [], "reward_next": 0, "action": 0, "max_games": 10000, "scores": [2, 1, 0, 2, 1, 2, 1, 3, 0, 1, 0, 1, 0, 0, 2, 0, 4, 1, 1, 3, 3, 3, 2, 2, 1, 3, 1, 0, 2, 0, 3, 0, 3, 5, 3, 2, 3, 2, 3, 1, 2, 3, 0, 1, 0, 0, 3, 4, 1, 3, 2, 4, 1, 5, 3, 0, 0, 3, 3, 5, 3, 3, 3, 4, 5, 4, 3, 4, 2, 0, 3, 4, 3, 2, 2, 3, 0, 3, 3, 5, 6, 4, 3, 3, 4, 4, 9, 4, 6, 2, 3, 1, 5, 3, 2, 3, 2, 9, 4, 3, 4, 7, 7, 1, 1, 5, 12, 3, 5, 5, 11, 14, 5, 6, 3, 13, 4, 3, 4, 7, 3, 15, 6, 17, 5, 5, 8, 25, 9, 8, 13, 3, 19, 27, 9, 17, 7, 9, 29, 16, 23, 6, 15, 8, 12, 15, 9, 21, 3, 14, 5, 11, 7, 27, 21], "mean_scores": [2.0, 1.5, 1.0, 1.25, 1.2, 1.3333333333333333, 1.2857142857142858, 1.5, 1.3333333333333333, 1.3, 1.1818181818181819, 1.1666666666666667, 1.0769230769230769, 1.0, 1.0666666666666667, 1.0, 1.1764705882352942, 1.1666666666666667, 1.1578947368421053, 1.25, 1.3333333333333333, 1.4090909090909092, 1.434782608695652, 1.4583333333333333, 1.44, 1.5, 1.4814814814814814, 1.4285714285714286, 1.4482758620689655, 1.4, 1.4516129032258065, 1.40625, 1.4545454545454546, 1.5588235294117647, 1.6, 1.6111111111111112, 1.6486486486486487, 1.6578947368421053, 1.6923076923076923, 1.675, 1.6829268292682926, 1.7142857142857142, 1.6744186046511629, 1.6590909090909092, 1.6222222222222222, 1.5869565217391304, 1.6170212765957446, 1.6666666666666667, 1.653061224489796, 1.68, 1.6862745098039216, 1.7307692307692308, 1.7169811320754718, 1.7777777777777777, 1.8, 1.7678571428571428, 1.736842105263158, 1.7586206896551724, 1.7796610169491525, 1.8333333333333333, 1.8524590163934427, 1.8709677419354838, 1.8888888888888888, 1.921875, 1.9692307692307693, 2.0, 2.014925373134328, 2.0441176470588234, 2.0434782608695654, 2.0142857142857142, 2.028169014084507, 2.0555555555555554, 2.0684931506849313, 2.0675675675675675, 2.066666666666667, 2.0789473684210527, 2.051948051948052, 2.0641025641025643, 2.0759493670886076, 2.1125, 2.1604938271604937, 2.182926829268293, 2.1927710843373496, 2.2023809523809526, 2.223529411764706, 2.244186046511628, 2.32183908045977, 2.340909090909091, 2.3820224719101124, 2.3777777777777778, 2.3846153846153846, 2.369565217391304, 2.3978494623655915, 2.404255319148936, 2.4, 2.40625, 2.402061855670103, 2.4693877551020407, 2.484848484848485, 2.49, 2.504950495049505, 2.549019607843137, 2.592233009708738, 2.576923076923077, 2.5619047619047617, 2.5849056603773586, 2.6728971962616823, 2.675925925925926, 2.697247706422018, 2.7181818181818183, 2.7927927927927927, 2.892857142857143, 2.911504424778761, 2.93859649122807, 2.9391304347826086, 3.0258620689655173, 3.034188034188034, 3.0338983050847457, 3.042016806722689, 3.075, 3.074380165289256, 3.1721311475409837, 3.1951219512195124, 3.306451612903226, 3.32, 3.3333333333333335, 3.37007874015748, 3.5390625, 3.5813953488372094, 3.6153846153846154, 3.687022900763359, 3.6818181818181817, 3.7969924812030076, 3.970149253731343, 4.007407407407407, 4.102941176470588, 4.124087591240876, 4.159420289855072, 4.338129496402877, 4.421428571428572, 4.553191489361702, 4.563380281690141, 4.636363636363637, 4.659722222222222, 4.710344827586207, 4.780821917808219, 4.809523809523809, 4.918918918918919, 4.906040268456376, 4.966666666666667, 4.966887417218543, 5.006578947368421, 5.019607843137255, 5.162337662337662, 5.264516129032258], "record": 29, "score": 9, "n_games": 156, "total_scores": 816, "current_direction": 1073741904, "head_x": 60, "head_y": 10, "snake_body": [[60, 10], [70, 10], [80, 10], [90, 10], [100, 10], [110, 10], [120, 10], [130, 10], [140, 10], [150, 10]], "food_x": 60, "food_y": 120}